{"cameraMode":{"drawMode":0,"name":"Shaded","section":"Shading Mode"},"sceneLighting":false,"audioPlay":false,"sceneViewState":{"m_AlwaysRefresh":false,"showFog":true,"showSkybox":false,"showFlares":true,"showImageEffects":true,"showParticleSystems":true,"showVisualEffectGraphs":true,"m_FxEnabled":true},"in2DMode":false,"pivot":{"x":1.1920928955078126e-7,"y":1.6927704811096192,"z":0.238716721534729},"rotation":{"x":0.042060282081365588,"y":0.9362807869911194,"z":-0.32731443643569949,"w":0.1203133761882782},"size":2.12927508354187,"orthographic":false}