{"cameraMode":{"drawMode":0,"name":"Shaded","section":"Shading Mode"},"sceneLighting":true,"audioPlay":false,"sceneViewState":{"m_AlwaysRefresh":false,"showFog":true,"showSkybox":true,"showFlares":true,"showImageEffects":true,"showParticleSystems":true,"showVisualEffectGraphs":true,"m_FxEnabled":true},"in2DMode":false,"pivot":{"x":18.312366485595704,"y":5.637683868408203,"z":28.967544555664064},"rotation":{"x":0.33680421113967898,"y":-0.5432800650596619,"z":0.2519601583480835,"w":0.7266392707824707},"size":17.469703674316408,"orthographic":false}