{"cameraMode":{"drawMode":0,"name":"Shaded","section":"Shading Mode"},"sceneLighting":false,"audioPlay":false,"sceneViewState":{"m_AlwaysRefresh":false,"showFog":true,"showSkybox":false,"showFlares":true,"showImageEffects":true,"showParticleSystems":true,"showVisualEffectGraphs":true,"m_FxEnabled":true},"in2DMode":false,"pivot":{"x":-0.189467191696167,"y":1.6479476690292359,"z":0.05979543924331665},"rotation":{"x":0.042060282081365588,"y":0.9362807869911194,"z":-0.32731443643569949,"w":0.1203133761882782},"size":2.1354496479034426,"orthographic":false}