{"cameraMode":{"drawMode":0,"name":"Shaded","section":"Shading Mode"},"sceneLighting":false,"audioPlay":false,"sceneViewState":{"m_AlwaysRefresh":false,"showFog":true,"showSkybox":false,"showFlares":true,"showImageEffects":true,"showParticleSystems":true,"showVisualEffectGraphs":true,"m_FxEnabled":true},"in2DMode":false,"pivot":{"x":0.4812467098236084,"y":1.5971544981002808,"z":-0.41433757543563845},"rotation":{"x":0.23953941464424134,"y":0.37381818890571597,"z":-0.10056919604539871,"w":0.890374481678009},"size":2.1551334857940676,"orthographic":false}