{"cameraMode":{"drawMode":0,"name":"Shaded","section":"Shading Mode"},"sceneLighting":false,"audioPlay":false,"sceneViewState":{"m_AlwaysRefresh":false,"showFog":true,"showSkybox":false,"showFlares":true,"showImageEffects":true,"showParticleSystems":true,"showVisualEffectGraphs":true,"m_FxEnabled":true},"in2DMode":false,"pivot":{"x":-0.4759981036186218,"y":1.1776154041290284,"z":0.17415350675582887},"rotation":{"x":-0.01974310539662838,"y":-0.9789209961891174,"z":-0.11564745754003525,"w":0.167255699634552},"size":1.9200063943862916,"orthographic":false}