{"cameraMode":{"drawMode":0,"name":"Shaded","section":"Shading Mode"},"sceneLighting":false,"audioPlay":false,"sceneViewState":{"m_AlwaysRefresh":false,"showFog":true,"showSkybox":false,"showFlares":true,"showImageEffects":true,"showParticleSystems":true,"showVisualEffectGraphs":true,"m_FxEnabled":true},"in2DMode":false,"pivot":{"x":0.540535032749176,"y":-0.41104593873023989,"z":0.6170498132705689},"rotation":{"x":0.00958540104329586,"y":-0.036008961498737338,"z":-0.00032830069540068507,"w":-0.9993298053741455},"size":1.4273761510849,"orthographic":false}