{"cameraMode":{"drawMode":0,"name":"Shaded","section":"Shading Mode"},"sceneLighting":true,"audioPlay":false,"sceneViewState":{"m_AlwaysRefresh":false,"showFog":true,"showSkybox":false,"showFlares":true,"showImageEffects":true,"showParticleSystems":true,"showVisualEffectGraphs":true,"m_FxEnabled":true},"in2DMode":false,"pivot":{"x":3.3999996185302736,"y":8.97000503540039,"z":-0.04000091552734375},"rotation":{"x":-0.042153727263212207,"y":-0.9497931003570557,"z":0.1464565545320511,"w":-0.2733134925365448},"size":30.310888290405275,"orthographic":false}