{"cameraMode":{"drawMode":0,"name":"Shaded","section":"Shading Mode"},"sceneLighting":true,"audioPlay":false,"sceneViewState":{"m_AlwaysRefresh":false,"showFog":true,"showSkybox":true,"showFlares":true,"showImageEffects":true,"showParticleSystems":true,"showVisualEffectGraphs":true,"m_FxEnabled":true},"in2DMode":false,"pivot":{"x":-0.3742208480834961,"y":1.4103899002075196,"z":29.942258834838868},"rotation":{"x":0.30441343784332278,"y":-0.6826449632644653,"z":0.5430654883384705,"w":0.38265490531921389},"size":32.90323257446289,"orthographic":false}