{"cameraMode":{"drawMode":0,"name":"Shaded","section":"Shading Mode"},"sceneLighting":false,"audioPlay":false,"sceneViewState":{"m_AlwaysRefresh":false,"showFog":true,"showSkybox":false,"showFlares":true,"showImageEffects":true,"showParticleSystems":true,"showVisualEffectGraphs":true,"m_FxEnabled":true},"in2DMode":false,"pivot":{"x":-5.960464477539063e-8,"y":1.5160489082336426,"z":0.43688729405403139},"rotation":{"x":-0.006934026721864939,"y":0.3765571713447571,"z":-0.002846851944923401,"w":-0.9263830184936523},"size":1.898572325706482,"orthographic":false}